name,email,country
Jimmy Weeks,cmoore@example.com,BRITISH INDIAN OCEAN TERRITORY (CHAGOS ARCHIPELAGO)
Brian Brown,richardsonrobert@example.net,SAO TOME AND PRINCIPE
Allen Fisher,medinabrittney@example.com,CONGO
Judy Clark,paulthomas@example.com,JAPAN
Debbie Valenzuela,jennifer68@example.com,DENMARK
Kim Smith,jason16@example.org,LAO PEOPLE'S DEMOCRATIC REPUBLIC
Katherine Meyer,fullerann@example.com,KOREA
Jennifer Best,melanie44@example.net,PAPUA NEW GUINEA
Maria Tran,austin75@example.net,FRENCH SOUTHERN TERRITORIES
Mary White,keith51@example.com,LIECHTENSTEIN
Joel Hudson,foxchristopher@example.org,TANZANIA
Jason Stephens,robert93@example.net,ARMENIA
Ricardo Conley,parsonsmichele@example.net,HOLY SEE (VATICAN CITY STATE)
Daniel Morales,howellsarah@example.com,MALAYSIA
Jill Gaines,kristenward@example.com,INDONESIA
Elizabeth Sharp,steelesue@example.org,HAITI
Raymond Smith,tracey08@example.org,BHUTAN
Austin Levine Jr.,jonesjames@example.com,KOREA
Sean Stevenson,shawnglover@example.org,SAINT MARTIN
David Harris,thenry@example.net,HONG KONG
Matthew Kennedy,teresa56@example.org,UKRAINE
Jennifer Johnson,rebecca25@example.org,EQUATORIAL GUINEA
James Smith,schmidtrobert@example.net,COCOS (KEELING) ISLANDS
Kristen Taylor,armstrongscott@example.com,SOUTH AFRICA
Kenneth Gonzalez,wilsonmary@example.com,UNITED STATES VIRGIN ISLANDS
Ryan Gutierrez,diazwanda@example.org,LAO PEOPLE'S DEMOCRATIC REPUBLIC
Sheila Whitaker,roy23@example.com,HEARD ISLAND AND MCDONALD ISLANDS
Catherine Hernandez,garciakaitlin@example.net,EL SALVADOR
Kathy Scott,leonard42@example.com,AUSTRIA
Lindsey Parrish,cherylhouston@example.com,TOKELAU
Grace Williams,robertsterri@example.net,INDONESIA
Jillian Ray,othomas@example.net,GIBRALTAR
Jonathan Foster Dvm,rhondasexton@example.net,RUSSIAN FEDERATION
Brandon Frank,zrogers@example.org,MARTINIQUE
Jeffrey Hartman,ashley36@example.com,TURKS AND CAICOS ISLANDS
Christopher Morrow,fbrown@example.org,SLOVAKIA (SLOVAK REPUBLIC)
Miss Amanda Morales Md,xwebster@example.org,NEW CALEDONIA
Aaron Heath,jessica59@example.org,ZIMBABWE
Thomas Roberts,sabrina35@example.net,MOZAMBIQUE
Matthew Walton,wilcoxricardo@example.org,COCOS (KEELING) ISLANDS
Ryan Kaiser,bryan57@example.net,UNITED STATES MINOR OUTLYING ISLANDS
Michelle Gibbs,kjohns@example.com,UKRAINE
Eddie Schultz,turnerjennifer@example.com,COOK ISLANDS
Patrick Sellers,mariobowen@example.com,UNITED KINGDOM
Gerald Moore,cheyenne15@example.org,NIGERIA
Jeremy Luna,kevin12@example.com,AFGHANISTAN
Joseph Smith,millerelizabeth@example.org,KAZAKHSTAN
Dr. David Johnson Phd,dorothybolton@example.net,CUBA
Stephanie Landry,madisonrodriguez@example.com,THAILAND
Jay Stone,thomasheather@example.net,PORTUGAL
Meghan Spencer,anthony91@example.com,MADAGASCAR
Zachary Howard,jfrost@example.org,CANADA
Michelle Moore,yrosales@example.org,ROMANIA
Casey Castillo,lance33@example.net,REUNION
Brad Walker,torresjohn@example.com,ISLE OF MAN
Peggy Payne,farmercameron@example.net,COLOMBIA
William Williamson,patriciafernandez@example.com,GUAM
Tanya Schaefer,davisadam@example.net,LIBERIA
Jeffrey David,harrismariah@example.org,MAURITANIA
Mark Rosales,arroyojimmy@example.org,SWITZERLAND
John George,christinemoore@example.org,FRANCE
Jonathan Lewis,alexahernandez@example.net,SAO TOME AND PRINCIPE
Melissa Howard,james71@example.net,GAMBIA
Jessica Chambers,garrettstephanie@example.net,BOLIVIA
Andrea Silva Dds,davisandrea@example.org,GREECE
Daniel Woods,john60@example.org,SIERRA LEONE
James Ingram,opatterson@example.com,SVALBARD & JAN MAYEN ISLANDS
Jerry Garcia,johnconley@example.com,GUAM
Mark Vasquez,wileytracy@example.net,ANTARCTICA (THE TERRITORY SOUTH OF 60 DEG S)
Melissa Martinez,payneryan@example.com,URUGUAY
Amy Warren,medinakelli@example.net,MARSHALL ISLANDS
Kim Johnson,melissabenson@example.com,CROATIA
Tracey Harrison Dds,jdiaz@example.com,TURKS AND CAICOS ISLANDS
Dr. Rhonda Carter,amberkelly@example.net,ARMENIA
Laura Brown,btaylor@example.org,TUVALU
Angela Porter,lamberttammy@example.net,ALBANIA
Bonnie Bender,tiffany19@example.net,COOK ISLANDS
Christine Smith,laurie79@example.org,SOMALIA
Paul Martinez,orobinson@example.org,GUATEMALA
James Morales,timothy07@example.com,CHAD
Shaun Dominguez,hebertjesse@example.org,CAMEROON
Nancy Alvarez,bgriffith@example.com,PAKISTAN
Steven Davis,joseph46@example.com,PUERTO RICO
Luke Mitchell,saraharmstrong@example.com,PHILIPPINES
Stephanie Coffey,nancy31@example.net,SAINT BARTHELEMY
Brendan Clark,sandovaljohn@example.org,ARGENTINA
Tonya Lopez,angelagoodwin@example.net,GAMBIA
James Lopez,suzannemendez@example.com,FRENCH SOUTHERN TERRITORIES
Raymond Williams,richardsonryan@example.com,UNITED STATES VIRGIN ISLANDS
Teresa Perry,duncanjohn@example.org,CROATIA
Terry Sanders,lisa59@example.net,MYANMAR
Erica Kim,dillonross@example.org,SIERRA LEONE
Jose Lopez,lopezkristine@example.net,MYANMAR
Judith Suarez,wolfemelinda@example.org,ZAMBIA
Shawn Mitchell,victorrussell@example.net,MALI
Carmen Johnson,qmontoya@example.org,PORTUGAL
Stephanie Clark,smithsharon@example.net,LAO PEOPLE'S DEMOCRATIC REPUBLIC
Renee Mora Dvm,daniel02@example.net,JAPAN
Amber Cox,michelleramos@example.org,SENEGAL
Sarah Hall,cynthia09@example.com,BELGIUM
